[
  {
    "dimension": {
      "f_135804_": "minecraft",
      "f_135805_": "overworld"
    },
    "id": "8c5f5446-55d0-48ef-af0a-c8df0f918882",
    "ownerID": "fd74e43f-eb07-3c0c-9553-eb9e59ec10b2",
    "pos": {
      "f_123285_": -223,
      "f_123286_": 103,
      "f_123289_": -124
    },
    "type": 0
  },
  {
    "dimension": {
      "f_135804_": "minecraft",
      "f_135805_": "overworld"
    },
    "id": "6042bfb9-740c-42fb-896e-239ec31120d8",
    "ownerID": "107145ba-cc14-32d0-b3dc-325703a2c8bd",
    "pos": {
      "f_123285_": -199,
      "f_123286_": 103,
      "f_123289_": -131
    },
    "type": 0
  },
  {
    "dimension": {
      "f_135804_": "minecraft",
      "f_135805_": "overworld"
    },
    "id": "dc623f57-27cb-4bb7-ac54-ae239c6559fe",
    "ownerID": "107145ba-cc14-32d0-b3dc-325703a2c8bd",
    "pos": {
      "f_123285_": -59,
      "f_123286_": -3,
      "f_123289_": -3
    },
    "type": 0
  }
]