{"stats":{"minecraft:dropped":{"minecraft:iron_sword":1,"minecraft:wheat_seeds":3,"minecraft:cobblestone":2,"artifacts:whoopee_cushion":1,"minecraft:coal":16,"minecraft:stick":1,"tetra:modular_toolbelt":1,"minecraft:string":1,"minecraft:furnace":1,"securitycraft:sentry":1856,"enigmaticlegacy:cursed_ring":5,"minecraft:suspicious_stew":6,"minecraft:diamond_sword":2,"minecraft:diamond_pickaxe":1,"artifacts:onion_ring":1,"tetra:modular_shield":1,"tetra:modular_double":1,"minecraft:arrow":1,"minecraft:stone_pickaxe":1,"minecraft:wooden_pickaxe":1,"enigmaticlegacy:enigmatic_amulet":4,"immersive_armors:wooden_helmet":1,"minecraft:egg":1},"minecraft:used":{"relics:relic_experience_bottle":83,"sons_of_sins:charged_creeper_ribs":3,"mynethersdelight:magma_cake":1,"minecraft:flint_and_steel":1,"securitycraft:bucket_f_lava":2,"minecraft:stone":5,"minecraft:iron_sword":1,"securitycraft:security_camera":1,"securitycraft:username_logger":1,"minecraft:cooked_chicken":3,"minecraft:stone_hoe":59,"minecraft:iron_chestplate":1,"minecraft:dirt":21,"tetra:modular_sword":2,"minecraft:acacia_sapling":1,"minecraft:warden_spawn_egg":1,"securitycraft:keycard_reader":1,"mynethersdelight:roast_stuffed_hoglin":1,"securitycraft:camera_monitor":1,"minecraft:grass_block":10,"minecraft:smooth_basalt":3,"securitycraft:sentry":1,"twilightforest:giant_sword":42,"minecraft:furnace":3,"securitycraft:oak_security_sea_boat":1,"securitycraft:dirt_mine":2,"minecraft:cobbled_deepslate":1,"securitycraft:inventory_scanner":2,"minecraft:calcite":12,"mynethersdelight:ghasta_with_cream":1,"securitycraft:stone_mine":1,"minecraft:cooked_mutton":3,"minecraft:diorite":3,"relics:researching_table":1,"tetra:modular_shield":3,"minecraft:stone_pickaxe":210,"minecraft:wooden_pickaxe":24,"minecraft:beacon":1,"minecraft:terracotta":2,"minecraft:crafting_table":10,"tetra:modular_double":22,"relics:horse_flute":3,"biomancy:primordial_cradle":1,"minecraft:iron_pickaxe":25,"securitycraft:bucket_f_water":5,"minecraft:stone_axe":35,"sons_of_sins:flesh_of_demise":3,"securitycraft:motion_activated_light":1,"tetra:basic_workbench":2,"securitycraft:cage_trap":2,"biomancy:ravenous_claws":17},"minecraft:killed":{"minecraft:spider":1,"minecraft:phantom":3,"minecraft:skeleton":1,"minecraft:chicken":3,"minecraft:warden":1,"artifacts:mimic":1,"minecraft:sheep":2,"minecraft:zombie":2,"sons_of_sins:betrayed_guzzler":3,"minecraft:enderman":2},"minecraft:crafted":{"minecraft:oak_planks":40,"minecraft:cooked_chicken":3,"minecraft:furnace":1,"minecraft:cooked_mutton":3,"minecraft:stone_pickaxe":2,"minecraft:chest":1,"minecraft:stone_hoe":1,"tetra:modular_double":2,"minecraft:crafting_table":1,"minecraft:wooden_pickaxe":1,"minecraft:stone_axe":1,"minecraft:air":0,"minecraft:iron_chestplate":1,"minecraft:stick":12,"minecraft:iron_ingot":6,"minecraft:acacia_planks":56},"minecraft:killed_by":{"minecraft:player":1,"minecraft:enderman":1},"minecraft:custom":{"enigmaticlegacy:play_time_with_seven_curses":0,"minecraft:mob_kills":20,"minecraft:interact_with_crafting_table":19,"minecraft:open_barrel":2,"minecraft:leave_game":3,"minecraft:time_since_death":4504,"minecraft:sprint_one_cm":90262,"minecraft:walk_one_cm":132205,"minecraft:damage_blocked_by_shield":150,"minecraft:drop":67,"minecraft:sneak_time":5950,"minecraft:play_time":149367,"minecraft:deaths":5,"minecraft:walk_under_water_one_cm":938,"minecraft:boat_one_cm":6063,"minecraft:jump":1196,"minecraft:walk_on_water_one_cm":1233,"minecraft:total_world_time":149367,"minecraft:interact_with_furnace":20,"enigmaticlegacy:play_time_without_seven_curses":144928,"minecraft:time_since_rest":4532,"minecraft:damage_taken":2269,"minecraft:damage_dealt":9184,"minecraft:swim_one_cm":939,"minecraft:fly_one_cm":377994,"minecraft:player_kills":4,"minecraft:open_chest":3,"minecraft:crouch_one_cm":14304,"minecraft:aviate_one_cm":27737,"minecraft:fall_one_cm":43837},"minecraft:picked_up":{"minecraft:crafting_table":9,"minecraft:chicken":3,"minecraft:suspicious_stew":3,"minecraft:diamond_sword":1,"minecraft:amethyst_block":4,"minecraft:raw_copper":7,"minecraft:string":3,"minecraft:cobbled_deepslate":1,"immersive_armors:wooden_leggings":1,"minecraft:calcite":15,"minecraft:iron_pickaxe":1,"minecraft:egg":1,"minecraft:furnace":4,"minecraft:raw_iron":62,"minecraft:stick":5,"minecraft:acacia_log":17,"tetra:holo":1,"minecraft:bowl":1,"artifacts:vampiric_glove":1,"immersive_armors:wooden_helmet":2,"minecraft:stone_sword":1,"minecraft:arrow":1,"minecraft:rotten_flesh":9,"minecraft:mutton":3,"minecraft:cobblestone":139,"minecraft:white_wool":2,"minecraft:feather":5,"minecraft:magma_cream":1,"minecraft:flint":6,"minecraft:oak_log":10,"minecraft:gunpowder":5,"minecraft:lapis_lazuli":102,"minecraft:dirt":33,"minecraft:bone":2,"tetra:modular_toolbelt":2,"minecraft:acacia_planks":2,"minecraft:wheat_seeds":5,"minecraft:raw_gold":6,"minecraft:iron_ingot":1,"minecraft:acacia_sapling":1,"minecraft:sculk_catalyst":1,"minecraft:smooth_basalt":3,"minecraft:pumpkin":7,"tetra:modular_double":2,"minecraft:gravel":3,"enigmaticlegacy:enigmatic_amulet":1,"minecraft:amethyst_shard":24,"minecraft:spider_eye":1,"sons_of_sins:flesh_of_demise":3,"enigmaticlegacy:cursed_ring":1,"minecraft:stone_axe":2,"immersive_armors:wooden_chestplate":1,"minecraft:granite":1,"minecraft:coal":42,"immersive_armors:wooden_boots":1,"minecraft:diamond_pickaxe":1},"minecraft:broken":{"minecraft:stone_pickaxe":1},"minecraft:mined":{"minecraft:granite":1,"minecraft:budding_amethyst":1,"minecraft:acacia_log":16,"minecraft:grass_block":10,"minecraft:furnace":2,"minecraft:iron_ore":51,"minecraft:fire":3,"minecraft:pumpkin":7,"minecraft:deepslate_iron_ore":6,"minecraft:stone":158,"minecraft:acacia_leaves":11,"minecraft:amethyst_cluster":3,"minecraft:crafting_table":5,"minecraft:calcite":15,"minecraft:sculk_sensor":2,"minecraft:copper_ore":2,"minecraft:lapis_ore":15,"minecraft:sculk":18,"minecraft:amethyst_block":4,"tetra:basic_workbench":2,"minecraft:grass":18,"minecraft:coal_ore":10,"minecraft:oak_log":10,"minecraft:dirt":21,"minecraft:smooth_basalt":3,"minecraft:deepslate":1,"minecraft:oak_leaves":2}},"DataVersion":3465}