{"stats":{"minecraft:custom":{"minecraft:jump":9,"minecraft:time_since_rest":4289,"minecraft:leave_game":1,"minecraft:crouch_one_cm":23,"minecraft:sprint_one_cm":255,"minecraft:play_time":4289,"minecraft:time_since_death":4289,"minecraft:walk_one_cm":971,"minecraft:sneak_time":63,"minecraft:total_world_time":4289,"minecraft:boat_one_cm":6063,"minecraft:fly_one_cm":14641},"minecraft:used":{"securitycraft:keycard_reader":1,"securitycraft:stone_mine":1,"securitycraft:camera_monitor":1,"minecraft:stone":4,"securitycraft:security_camera":1,"minecraft:flint_and_steel":1,"securitycraft:oak_security_sea_boat":1}},"DataVersion":3465}