{"stats":{"minecraft:dropped":{"minecraft:iron_ingot":39,"minecraft:iron_sword":1,"minecraft:wheat_seeds":10,"minecraft:crafting_table":4,"minecraft:cobblestone":118,"artifacts:whoopee_cushion":1,"minecraft:granite":1,"minecraft:lava_bucket":1,"minecraft:dirt":2,"tetra:modular_toolbelt":2,"immersive_armors:wooden_leggings":2,"minecraft:bone_meal":3,"tetra:holo":3,"minecraft:iron_pickaxe":1,"immersive_armors:wooden_chestplate":2,"minecraft:furnace":3,"minecraft:stone_sword":1,"minecraft:cobbled_deepslate":8,"minecraft:bowl":1,"immersive_armors:wooden_boots":2,"farmersdelight:straw":1,"minecraft:diamond_pickaxe":1,"minecraft:acacia_sapling":1,"minecraft:slime_ball":1,"tetra:modular_double":1,"immersive_armors:wooden_helmet":3},"minecraft:used":{"minecraft:stone_sword":26,"minecraft:iron_sword":72,"minecraft:cooked_chicken":5,"minecraft:rotten_flesh":4,"minecraft:iron_chestplate":1,"minecraft:torch":52,"minecraft:dirt":31,"minecraft:mutton":1,"farmersdelight:flint_knife":28,"minecraft:granite":5,"minecraft:grass_block":1,"minecraft:furnace":11,"minecraft:egg":10,"minecraft:cooked_beef":1,"minecraft:cooked_mutton":4,"minecraft:water_bucket":1,"tetra:modular_shield":55,"minecraft:stone_pickaxe":131,"minecraft:crafting_table":6,"tetra:modular_double":1,"minecraft:diamond_pickaxe":1,"minecraft:iron_pickaxe":233,"minecraft:oak_button":4,"minecraft:gravel":1,"minecraft:stone_axe":23,"minecraft:diamond_sword":5,"minecraft:cobblestone":62,"mynethersdelight:roast_ear":2,"minecraft:cooked_porkchop":6,"minecraft:andesite":1,"minecraft:bucket":3,"minecraft:gray_wool":1},"minecraft:killed":{"minecraft:spider":1,"minecraft:skeleton":3,"minecraft:horse":1,"minecraft:chicken":4,"minecraft:pig":1,"minecraft:sheep":1,"minecraft:zombie":2,"minecraft:cow":4},"minecraft:crafted":{"minecraft:oak_planks":36,"minecraft:cooked_chicken":5,"minecraft:furnace":4,"minecraft:bone_meal":3,"minecraft:cooked_mutton":4,"immersive_armors:wooden_chestplate":1,"minecraft:iron_boots":1,"minecraft:stone_pickaxe":1,"minecraft:oak_button":4,"immersive_armors:wooden_helmet":1,"minecraft:lead":2,"minecraft:cooked_beef":1,"minecraft:diamond_sword":1,"minecraft:cooked_porkchop":7,"minecraft:crafting_table":3,"farmersdelight:flint_knife":1,"minecraft:iron_helmet":1,"immersive_armors:wooden_leggings":1,"minecraft:bucket":2,"minecraft:campfire":1,"minecraft:stone_axe":1,"minecraft:air":0,"immersive_armors:wooden_boots":1,"tetra:modular_toolbelt":1,"minecraft:iron_chestplate":1,"minecraft:diamond_pickaxe":1,"minecraft:shield":1,"minecraft:stick":36,"minecraft:iron_ingot":69,"minecraft:iron_pickaxe":1,"minecraft:stone_sword":1,"minecraft:iron_leggings":1,"minecraft:gold_ingot":51,"minecraft:acacia_planks":4,"minecraft:torch":80},"minecraft:killed_by":{"minecraft:player":6,"minecraft:spider":1,"minecraft:enderman":10,"minecraft:skeleton":1,"minecraft:phantom":4,"minecraft:witch":1,"minecraft:zombie":2},"minecraft:custom":{"enigmaticlegacy:play_time_with_seven_curses":117424,"minecraft:mob_kills":18,"minecraft:interact_with_crafting_table":47,"minecraft:leave_game":4,"minecraft:time_since_death":4470,"minecraft:climb_one_cm":2746,"minecraft:sprint_one_cm":206750,"minecraft:walk_one_cm":200409,"minecraft:damage_blocked_by_shield":2530,"minecraft:drop":74,"minecraft:damage_dealt_absorbed":21,"minecraft:play_time":121673,"minecraft:deaths":29,"minecraft:sneak_time":13992,"minecraft:walk_under_water_one_cm":199,"minecraft:jump":2200,"minecraft:walk_on_water_one_cm":3516,"minecraft:total_world_time":121673,"minecraft:interact_with_furnace":109,"enigmaticlegacy:play_time_without_seven_curses":3013,"minecraft:sleep_in_bed":1,"minecraft:time_since_rest":4502,"minecraft:damage_taken":8037,"minecraft:damage_dealt":3385,"minecraft:player_kills":1,"minecraft:fly_one_cm":294341,"minecraft:crouch_one_cm":29027,"minecraft:fall_one_cm":76147},"minecraft:picked_up":{"minecraft:crafting_table":8,"minecraft:chicken":5,"minecraft:diamond_sword":1,"minecraft:string":8,"minecraft:cobbled_deepslate":8,"minecraft:beef":8,"farmersdelight:straw":1,"immersive_armors:wooden_leggings":1,"minecraft:furnace":14,"minecraft:egg":10,"minecraft:stick":2,"minecraft:raw_iron":83,"minecraft:acacia_log":1,"minecraft:torch":5,"tetra:holo":2,"minecraft:bowl":1,"minecraft:porkchop":7,"minecraft:diorite":9,"minecraft:redstone":41,"minecraft:arrow":32,"immersive_armors:wooden_helmet":2,"minecraft:rotten_flesh":4,"minecraft:mutton":9,"minecraft:cobblestone":220,"minecraft:feather":7,"minecraft:andesite":1,"minecraft:leather":8,"artifacts:onion_ring":1,"minecraft:flint":1,"minecraft:oak_log":5,"minecraft:dirt":33,"minecraft:bone":4,"tetra:modular_toolbelt":1,"minecraft:wheat_seeds":10,"minecraft:raw_gold":61,"artifacts:whoopee_cushion":1,"minecraft:iron_ingot":14,"mynethersdelight:roast_ear":2,"minecraft:acacia_sapling":1,"minecraft:iron_sword":2,"minecraft:oak_planks":8,"minecraft:lava_bucket":1,"tetra:modular_shield":1,"minecraft:gravel":1,"enigmaticlegacy:enigmatic_amulet":1,"minecraft:grass_block":1,"minecraft:slime_ball":2,"enigmaticlegacy:cursed_ring":2,"minecraft:diamond":5,"immersive_armors:wooden_chestplate":1,"minecraft:granite":6,"minecraft:gray_wool":1,"minecraft:coal":261,"immersive_armors:wooden_boots":1,"minecraft:ender_pearl":1,"minecraft:diamond_pickaxe":2},"minecraft:broken":{"minecraft:stone_pickaxe":1},"minecraft:mined":{"minecraft:deepslate_diamond_ore":4,"minecraft:granite":5,"minecraft:acacia_log":1,"minecraft:grass_block":4,"minecraft:redstone_ore":4,"minecraft:furnace":12,"minecraft:iron_ore":61,"minecraft:andesite":1,"minecraft:deepslate_iron_ore":1,"minecraft:stone":143,"minecraft:deepslate_redstone_ore":4,"minecraft:crafting_table":6,"minecraft:torch":1,"minecraft:tall_grass":2,"minecraft:cobblestone":3,"minecraft:deepslate_gold_ore":6,"minecraft:diorite":9,"minecraft:wall_torch":4,"tetra:basic_workbench":1,"minecraft:grass":25,"minecraft:oak_log":5,"minecraft:coal_ore":64,"minecraft:gravel":2,"minecraft:dirt":10,"minecraft:gold_ore":37,"minecraft:oak_leaves":1,"minecraft:deepslate":8,"minecraft:fern":1}},"DataVersion":3465}