{"stats":{"minecraft:dropped":{"minecraft:iron_sword":1,"minecraft:porkchop":5,"minecraft:bowl":1,"enigmaticlegacy:cursed_ring":1,"minecraft:dirt":2,"minecraft:diamond_pickaxe":1,"minecraft:mutton":3,"tetra:holo":1},"minecraft:used":{"minecraft:cooked_mutton":3,"minecraft:birch_planks":1,"minecraft:stone_pickaxe":4,"minecraft:birch_boat":1,"minecraft:wooden_pickaxe":6,"minecraft:shield":6,"minecraft:iron_sword":25,"minecraft:dirt":13,"minecraft:crafting_table":11,"tetra:modular_double":6,"minecraft:white_bed":2,"minecraft:diamond_pickaxe":1,"minecraft:iron_pickaxe":36,"minecraft:iron_helmet":1,"minecraft:iron_boots":1,"minecraft:stone_axe":64,"minecraft:cobblestone":13,"minecraft:beef":6,"minecraft:furnace":2,"minecraft:porkchop":3,"minecraft:iron_leggings":1},"minecraft:killed":{"minecraft:pig":7,"minecraft:spider":1,"minecraft:phantom":2,"minecraft:sheep":4,"minecraft:zombie":3,"minecraft:chicken":1,"minecraft:enderman":1,"minecraft:cow":6},"minecraft:crafted":{"minecraft:oak_planks":24,"minecraft:crafting_table":3,"minecraft:wooden_pickaxe":1,"minecraft:birch_boat":1,"minecraft:iron_helmet":1,"minecraft:furnace":2,"minecraft:birch_planks":24,"minecraft:stone_axe":1,"minecraft:cooked_mutton":4,"minecraft:air":0,"minecraft:iron_boots":1,"minecraft:iron_chestplate":1,"minecraft:charcoal":6,"minecraft:shield":1,"minecraft:stick":12,"minecraft:iron_ingot":9,"minecraft:iron_pickaxe":1,"minecraft:stone_pickaxe":1,"minecraft:iron_block":1,"minecraft:iron_leggings":1,"minecraft:white_bed":1,"minecraft:acacia_planks":16,"tetra:modular_double":1},"minecraft:killed_by":{"minecraft:player":1},"minecraft:custom":{"enigmaticlegacy:play_time_with_seven_curses":0,"minecraft:interact_with_furnace":11,"minecraft:mob_kills":25,"enigmaticlegacy:play_time_without_seven_curses":44282,"minecraft:interact_with_crafting_table":19,"minecraft:leave_game":4,"minecraft:time_since_death":3849,"minecraft:time_since_rest":4000,"minecraft:sprint_one_cm":105577,"minecraft:damage_taken":432,"minecraft:walk_one_cm":73300,"minecraft:damage_blocked_by_shield":100,"minecraft:drop":8,"minecraft:damage_dealt":3666,"minecraft:player_kills":2,"minecraft:fly_one_cm":145400,"minecraft:crouch_one_cm":832,"minecraft:play_time":44433,"minecraft:deaths":1,"minecraft:sneak_time":617,"minecraft:boat_one_cm":30780,"minecraft:jump":677,"minecraft:walk_on_water_one_cm":1333,"minecraft:total_world_time":44433,"minecraft:fall_one_cm":20126},"minecraft:picked_up":{"minecraft:birch_log":6,"minecraft:crafting_table":12,"minecraft:leather":7,"minecraft:oak_log":6,"minecraft:dirt":15,"minecraft:wheat_seeds":1,"minecraft:cobbled_deepslate":8,"minecraft:iron_ingot":40,"minecraft:beef":10,"farmersdelight:straw":1,"minecraft:iron_sword":1,"minecraft:phantom_membrane":1,"minecraft:furnace":2,"minecraft:birch_boat":1,"tetra:holo":1,"minecraft:bowl":1,"minecraft:acacia_log":10,"minecraft:porkchop":15,"minecraft:white_bed":2,"minecraft:rotten_flesh":2,"minecraft:oak_sapling":1,"minecraft:mutton":7,"minecraft:white_wool":4,"minecraft:cobblestone":97},"minecraft:mined":{"minecraft:acacia_leaves":1,"minecraft:white_bed":2,"minecraft:crafting_table":7,"minecraft:acacia_log":11,"minecraft:grass_block":5,"minecraft:cobblestone":8,"minecraft:tall_grass":3,"minecraft:furnace":2,"tetra:basic_workbench":4,"minecraft:birch_log":6,"minecraft:birch_leaves":1,"minecraft:grass":15,"minecraft:oak_log":6,"minecraft:dirt":8,"minecraft:stone":35,"minecraft:oak_leaves":5}},"DataVersion":3465}