{"stats":{"minecraft:used":{"minecraft:chicken":2,"minecraft:egg":1},"minecraft:killed":{"minecraft:chicken":1},"minecraft:killed_by":{"minecraft:player":1,"minecraft:enderman":3},"minecraft:custom":{"minecraft:time_since_rest":1741,"enigmaticlegacy:play_time_with_seven_curses":5886,"minecraft:crouch_one_cm":96,"minecraft:deaths":5,"minecraft:sprint_one_cm":10601,"minecraft:play_time":6983,"minecraft:damage_taken":1350,"minecraft:walk_one_cm":10076,"minecraft:sneak_time":40,"minecraft:mob_kills":1,"minecraft:jump":103,"minecraft:damage_dealt":50,"minecraft:leave_game":3,"minecraft:time_since_death":1713,"enigmaticlegacy:play_time_without_seven_curses":731,"minecraft:total_world_time":6983,"minecraft:fall_one_cm":2542,"minecraft:fly_one_cm":17513},"minecraft:picked_up":{"minecraft:feather":2,"minecraft:chicken":2,"minecraft:egg":1}},"DataVersion":3465}