{"stats":{"minecraft:dropped":{"farmersdelight:tomato_seeds":6,"minecraft:wheat_seeds":3,"minecraft:detector_rail":3,"minecraft:cobblestone":2,"minecraft:glow_berries":11,"minecraft:leather":6,"minecraft:rail":44,"minecraft:grass_block":1,"farmersdelight:rice":14,"minecraft:suspicious_stew":2,"enigmaticlegacy:cursed_ring":1,"minecraft:stick":7,"minecraft:wooden_axe":1,"minecraft:melon_seeds":8,"minecraft:wooden_sword":2,"minecraft:spider_eye":11,"minecraft:powered_rail":4,"minecraft:wooden_pickaxe":3,"minecraft:string":23,"enigmaticlegacy:enigmatic_amulet":1,"minecraft:acacia_planks":2},"minecraft:used":{"minecraft:shield":11,"securitycraft:bucket_f_lava":2,"minecraft:torch":16,"minecraft:mossy_cobblestone":2,"minecraft:crafting_table":3,"minecraft:wooden_axe":1,"minecraft:iron_axe":5,"minecraft:bread":7,"minecraft:iron_pickaxe":4,"minecraft:suspicious_stew":3,"securitycraft:bucket_f_water":1,"minecraft:diamond_sword":41,"minecraft:bucket":3},"minecraft:killed":{"minecraft:cave_spider":1,"minecraft:spider":2},"minecraft:crafted":{"minecraft:wooden_sword":1,"minecraft:oak_planks":16,"minecraft:diamond_sword":1,"minecraft:crafting_table":1,"minecraft:wooden_pickaxe":1,"minecraft:bucket":1,"minecraft:shield":1,"minecraft:stick":8,"minecraft:wooden_axe":1,"minecraft:acacia_planks":8},"minecraft:killed_by":{"minecraft:player":1,"minecraft:cave_spider":1,"minecraft:spider":1,"minecraft:zombie":1,"minecraft:enderman":1},"minecraft:custom":{"enigmaticlegacy:play_time_with_seven_curses":18066,"minecraft:mob_kills":4,"enigmaticlegacy:play_time_without_seven_curses":9117,"minecraft:interact_with_crafting_table":11,"minecraft:leave_game":1,"minecraft:time_since_death":5142,"minecraft:time_since_rest":5169,"minecraft:sprint_one_cm":147721,"minecraft:damage_taken":2444,"minecraft:walk_one_cm":52289,"minecraft:damage_blocked_by_shield":180,"minecraft:drop":52,"minecraft:damage_dealt":839,"minecraft:fly_one_cm":100528,"minecraft:player_kills":3,"minecraft:open_chest":4,"minecraft:crouch_one_cm":162,"minecraft:play_time":27356,"minecraft:deaths":6,"minecraft:sneak_time":47,"minecraft:jump":451,"minecraft:walk_on_water_one_cm":11,"minecraft:total_world_time":27356,"minecraft:fall_one_cm":22030},"minecraft:picked_up":{"minecraft:crafting_table":3,"farmersdelight:rice":7,"minecraft:suspicious_stew":5,"minecraft:leather":3,"minecraft:wooden_pickaxe":2,"minecraft:oak_log":4,"minecraft:string":61,"minecraft:wooden_sword":1,"minecraft:wheat_seeds":3,"minecraft:detector_rail":2,"minecraft:powered_rail":2,"minecraft:stick":7,"minecraft:torch":5,"minecraft:acacia_log":2,"enigmaticlegacy:enigmatic_amulet":3,"farmersdelight:tomato_seeds":3,"minecraft:grass_block":1,"minecraft:spider_eye":14,"minecraft:mossy_cobblestone":2,"enigmaticlegacy:cursed_ring":3,"minecraft:melon_seeds":4,"minecraft:rail":22,"minecraft:cobblestone":2},"minecraft:mined":{"minecraft:mossy_cobblestone":2,"minecraft:crafting_table":3,"minecraft:acacia_log":3,"minecraft:dead_bush":2,"minecraft:wall_torch":4,"minecraft:spawner":2,"minecraft:grass":1,"minecraft:oak_log":4,"minecraft:cobweb":18}},"DataVersion":3465}